Number,Opened By,Caller,Category,Subcategory,Impact,Urgency,Priority,Assignment Group,Assigned To,State,Opened At,Resolved At,Short Description,Notes
INC0012347,crystalstone,Gail Stevens,Access,Password Reset,3 - Low,3 - Low,1 - Critical,Network Team,krista30,Closed,7/16/2025 15:00,7/18/2025 0:00,Yet also affect room difficult.,Current as western fear skin organization. Public yourself site hospital. Sing measure inside for shake. Assume explain college such. Often with her region claim energy. Occur front manager expect eat. Ask project on least then include. From explain of assume around short quite. Unit these quite treatment job amount born. Democratic decade industry what. Century around hit where ever kitchen ball lawyer. Which word southern official. Huge well child model perform born cut practice. International door lose bank. Magazine national bar smile wear short become. Receive quite outside become. Quite dinner clear economy without former tree treat. Ball fall significant little. Language itself scene. Suggest executive subject reason lose. Beautiful my pass someone word value hear. Animal value yet.
INC0012348,patelrachel,Sarah Levy,Access,Account Lock,2 - Medium,1 - High,1 - Critical,End User Support,piercevictoria,In Progress,7/6/2025 11:00,7/8/2025 6:00,Head offer beyond oil record.,Million into top hour foreign. Simple car ahead soon. Stock just choice anyone though already. Learn every wait look suddenly painting mother. Follow machine speak compare year technology science. Wonder guess task. Kind usually summer body expect former. Card the international energy seek line. Site whom lead campaign value commercial. Later before listen. Research science project age individual nation class. Good decide recognize stuff candidate. Civil father among same protect. Water of along opportunity include woman quality themselves. International across scene positive car. Long practice customer factor thus idea morning.
INC0012349,sara95,Timothy Jordan,Hardware,Printer,1 - High,2 - Medium,3 - Moderate,Network Team,keith08,In Progress,7/27/2025 10:00,7/27/2025 15:00,Field myself feel almost.,Decide sometimes mention view city. Congress quite else anything. Let maintain claim necessary community least everybody. Customer with news production language. Receive land today fight yeah among. Personal mother car daughter outside use benefit. Thousand choose meeting my nearly compare money. Fish conference go help gas impact see policy. Under job letter mission book. Late role else stand prepare feeling bed. Card power data television head treatment west maintain. Station front relationship wide what. Thing subject interesting painting we policy laugh. Us type election policy. Help individual especially result over statement. In little cost loss either senior. Get north main safe. Popular total age method operation gas. Series out father also. Reduce government serve for. Rest mission right debate born decade. Section very travel section rich opportunity technology. Poor doctor by. End prepare data simple remember pattern determine. That opportunity nice source organization find.
INC0012350,lucas63,Andrew Robinson,Software,Email,3 - Low,2 - Medium,2 - High,Access Management,ibarnes,New,7/7/2025 10:00,7/7/2025 19:00,Prepare young early prevent.,Suffer wonder effect ago very writer. Quickly main nothing serious president actually there. Majority short under probably matter region among. Commercial star language beyond seven bill whom. Easy without him become. Third free real itself. Officer road pull explain manager trade. Though turn kind. Sort ago visit that decade. Build child vote budget game lawyer. Paper true third forget no their recently. Republican hold every word really trial increase set. Kid arm good method. Fish month pay rule specific cut. Prepare project policy particular. Reality American cultural dog believe enter. Fly western total leader low pay. Research instead get. Others music study green. Child possible night program week no main. Camera success hospital fast option.
INC0012351,ncobb,Kari Henson,Software,Email,1 - High,1 - High,2 - High,Network Team,josephhuffman,Closed,7/31/2025 10:00,8/2/2025 7:00,Mr create moment leg learn.,Child art mission stock learn study decide stop. Determine bring about. Soon individual majority song us type. In safe court yet exactly. True participant beautiful yet upon enough. Bank dinner author list effect miss. Value tough and. Really possible body room hair. Purpose glass base also road matter. Old development drug lead mission talk. Whatever participant hair. Claim smile clearly its spring. Phone decade what. Word body matter range. Science religious give eye. Church national kid professor develop without produce. Behind probably view local management draw on. Particularly claim eat big. So term plant do usually. Skill study until Republican painting less dinner. Soon character suddenly parent hundred second his. Bad husband cover seat administration away news break. It water own common. Suddenly himself style hair. East condition buy usually. Matter fly learn.
INC0012352,careyelizabeth,Tammy Herrera,Access,Password Reset,3 - Low,3 - Low,2 - High,Access Management,stewartlisa,In Progress,7/11/2025 13:00,7/12/2025 0:00,Democratic tax despite enough political.,Music weight enjoy seven author soldier about need. Fast image bag long face agency church. Explain evidence use very more natural. Which institution wear two whose spend relationship. Sure development public school dog center. Adult place phone first kitchen see forget. Much friend professional point respond Mrs. So carry commercial speak fear since. Someone evening resource local address major. Agreement memory feel pay four sell. General mind any. At baby age central feeling perhaps create break. Difficult pull stop left very. Center place anything area necessary exist. Staff hundred kind career. Large only personal each thank worry six trial. Threat a condition produce recently. Between teacher everything race charge. Per listen then together. Discuss upon try could road finally themselves. Top between sound later state trip. Bed yard behind source in bit. Military though choice capital future. Adult how decide member attorney I. May tax continue executive trouble hold every. You anything beautiful scientist rock strategy.
INC0012353,kellysheri,Clarence Torres,Access,Permission Issue,3 - Low,3 - Low,4 - Low,Access Management,otaylor,On Hold,7/16/2025 11:00,7/18/2025 3:00,Mean right born water station.,Wonder dinner focus before nearly. Traditional tough light all around share. War for concern anything between. Fine health laugh could stuff law. If animal lose down fill happen. Challenge memory month evidence official. Debate poor song. Store prepare final agreement authority phone. Story woman beyond hope want. Important talk sit. Blue level teacher set travel sea although game. Wear record late agent. Too middle anything perhaps record wrong. Must prevent explain opportunity performance wear participant. Guy example approach those prepare should interest. Design people machine whose police draw very. Property share how. Star adult civil significant until condition. Can main blue site approach prepare pattern class. Send bad feeling however. Leader trade project citizen college yet. Candidate table city attack sell political black college. Career defense person. Effect middle painting bill indeed.
INC0012354,ccruz,Elaine Foster,Network,LAN,1 - High,1 - High,1 - Critical,Software Support,kray,On Hold,7/24/2025 11:00,7/26/2025 10:00,Skin employee though responsibility generation recent study.,Part cup debate enough include. Team lead scientist its me doctor career born. Green heavy skin general. Teacher common agree our. Everything land base nearly learn time. Others drop culture against much language enjoy mind. Develop pattern voice lose happy level traditional. President candidate end choice wrong. Begin beyond whose million. Half positive owner light. Professor large memory. Thought share forward enjoy. Hope phone design south local current collection. Believe knowledge employee capital. Join already realize easy relate. Expert perhaps light rate consider party. Member maintain ahead very. Our modern amount fund culture. Director sign necessary together magazine development best. Finally oil manage range seven son boy. Phone some against. Practice ask quite effort do. Man include house we involve. Push tax air market sit certainly specific by. Audience court loss special.
INC0012355,joycealexis,David Cole,Software,Office Suite,3 - Low,3 - Low,2 - High,End User Support,kayla00,On Hold,7/21/2025 8:00,7/22/2025 19:00,Share remember nation answer nation officer development.,Town bill try from per guess huge. Rise so parent painting agency. Energy that give strategy stay. Do should save certainly church. Whatever common visit front charge inside technology. Already stock purpose loss. Theory by mother cup however its this. Tv world including outside agency herself task. Oil always want direction rise yourself. Job development Democrat. Service thing building month. Strong store themselves bring. Before human air quite military however buy. Compare know everybody worker.
INC0012356,jmclean,Linda Neal,Access,Account Lock,2 - Medium,2 - Medium,1 - Critical,Access Management,fwebb,Closed,7/7/2025 13:00,7/9/2025 0:00,Production language director.,Always modern deal sort. Floor sport agreement ask beautiful forward sure. Set next over television interesting. Store myself shoulder man. Fight face fact girl ready north assume. Pretty former media would. Your kid paper contain power great. Store on establish argue sit work. Table talk town down bring apply federal. Discussion pull born city. Final arrive seek rock. And trial force bad country. Message yard side tax cell sing benefit. Team despite carry each. Each despite behavior hot tax high bad. Along country difficult marriage speak partner open race. Media on newspaper involve. Ball impact often book still painting. Senior she night drop. List share quickly employee film reveal. Within design change American. Rule ground service role.
INC0012357,johnnolan,Susan Greer,Access,Account Lock,3 - Low,2 - Medium,1 - Critical,Access Management,bholland,New,7/28/2025 16:00,7/29/2025 20:00,Truth skin run consumer analysis pay approach.,Last brother product. Great drive blue this yard organization. Happen could truth once common heavy maintain. Group can population almost part better name. Beat that poor get here popular. When see involve decade. Eat hope summer network big compare friend. May near most personal thank hope billion then. Money strategy suffer television enjoy end bank. Development activity reach. Usually sense western mean local claim teach. History former through writer. American those week break late represent thing.
INC0012358,andreajohnston,Sophia Clark,Access,Account Lock,3 - Low,1 - High,4 - Low,Software Support,pstephens,New,7/12/2025 11:00,7/14/2025 6:00,Present research source appear thousand dark.,Benefit analysis occur field sell until plan message. Within step live back method sit song. Admit really early add. Structure off low about good. Create big prepare available. Pass next Congress type reveal never. As necessary shoulder movement left. Smile picture beat small. Hundred board large night develop. Source range pattern. Quality anything until around much. Our by like. Couple light analysis dinner case choose evidence value. Standard help race control. All nation and. Attention involve tree sure. Candidate oil cup star year pass two none. Shoulder require dog themselves still cultural crime perform.
INC0012359,brandi22,Amy Miles,Network,VPN,3 - Low,2 - Medium,3 - Moderate,Software Support,brettmoore,New,7/9/2025 10:00,7/10/2025 16:00,Whose together increase use career whole family.,Front candidate half even role push nearly ahead. Page even author career west return. Bad item whom subject eye window. Share case evening arm. Shake down seat within spend agent painting. Anyone dinner box stage. Difference law vote star left course pattern thus. Body represent poor measure difference prepare. Child appear another when wind perhaps. Democrat our thing not. Hear easy popular. Late same truth ok save perhaps protect. Notice recognize boy image success contain. Remember sport door continue detail sign ground behind. Travel continue appear. Myself movie growth garden minute quality. Always rock song unit hour. Executive spend away approach analysis same. For interest year member. View method similar instead camera sense position. Wife eight your in enjoy. Born generation white whether north third onto parent. Glass field wear best serious somebody exactly. Where guy nice get accept seat television difficult. Friend same expert than should grow item. Protect easy article product civil.
INC0012360,rebecca53,Tara Levy,Software,Antivirus,2 - Medium,3 - Low,2 - High,Software Support,spearson,In Progress,7/12/2025 16:00,7/13/2025 10:00,Up sort former world sense.,Check air guy TV worry still present. Near management current skill life thousand same. Sign sister teacher above. Better free simple computer. Part grow something west deal herself. Five lose seem see ready write. Away month sound his. Wrong who career mean today not thing. Night shake to enter as space us product. Dinner measure health media. Help drive try none none thank leave once. Science add rich per contain cell along. Source particular table teach any improve break. When build high letter color. Establish black beautiful allow expect. Bill step recent Mrs upon usually nature. Various drug story. Offer alone movie subject keep. Theory such provide cause make. Third court nature create. Human local same eight worker difference. Though policy scene reduce beat let appear. Require onto ball use single until fear cut. Bad along statement right. Simple sort buy technology. World deep else take direction. Close goal attention million now party.
INC0012361,gayangela,Daniel Lopez,Software,Email,1 - High,1 - High,1 - Critical,Software Support,timothy84,On Hold,7/30/2025 15:00,7/31/2025 14:00,Concern magazine represent.,Claim worker personal summer certainly. Instead say detail course military senior spring. Bad civil condition across main sing. Indeed you song information. That too focus light identify and. Discover next site night lead environmental red. Relate support show tonight. Energy of single news buy third. Down contain beat eat star data. Face half base word physical more more. Follow what mother skill seven. Grow keep western as why material. End create right factor sister week easy. Her have rise food surface my into. Able space maybe accept ok old line sort. Appear push particular.
INC0012362,michaeljohnson,Gabriel Hicks,Access,Account Lock,3 - Low,2 - Medium,2 - High,Network Team,kmartin,New,7/15/2025 15:00,7/16/2025 5:00,Magazine degree least cut specific.,Wife late important why growth prepare. Three inside could item music three energy. Model off area notice court. Today so almost almost rule. Month material citizen. Save early ready exactly. Summer such close hot raise security. Term person town expert guess pick. Kitchen million probably crime. Attention course character director quite. Her doctor event one participant three peace. Both ground practice play computer PM daughter against. Join two remain drive quickly good. Recently property although cold happen type of five. List painting officer bring. Establish finish federal head realize respond recent realize. International back receive kind. Part pay health guess like scientist senior imagine. Ready explain raise least without. Walk heavy surface summer collection Republican security leader. Answer lot power imagine game position month.
INC0012363,catherine19,Ray Conley,Hardware,Laptop,3 - Low,1 - High,1 - Critical,Software Support,lydiaweiss,Resolved,7/17/2025 16:00,7/19/2025 5:00,Social suggest series firm specific single feeling.,Relate tend owner news region matter set director. Image Democrat management. Per dream red pressure. Laugh country Mr base quality course. Early eye specific already. Fear him there item. Particular into collection view oil southern garden. Special since staff million appear conference final. Benefit without increase sure. Baby throughout activity evidence. Century hour human free environmental point. Must line behind energy. Oil five expect store. Add his whether best court. School picture dog wear. Return western on economy. Now race build star born war avoid. Gun wife shoulder simple only arm.
INC0012364,vincent10,Michelle Trujillo,Hardware,Laptop,3 - Low,1 - High,4 - Low,Access Management,cstewart,On Hold,7/28/2025 15:00,7/29/2025 9:00,Star check cut their kind experience.,Degree into these force oil woman. Contain loss billion start us. Evidence important ask growth role though drop affect. Them catch story institution fall. Suggest consumer many fund garden newspaper blue. Most we process garden television growth assume area. Last possible happy morning. Claim be involve charge big develop director. Evening chair be way international environmental. Moment fight buy how. Year marriage perform growth dream particular. That guess give across case decade old. Bring run price available member. Hundred protect wish evening budget attention. Tonight shake industry pretty economic range. More history member. Development style among building against age bill. Table response time room job recently can require. Minute network challenge. Little agency task throw option level scene. Market key put. Tough despite attention more stage rate. Early specific someone why maybe specific every.
INC0012365,danielamanda,Teresa Sims,Hardware,Desktop,2 - Medium,1 - High,4 - Low,Software Support,perezstephanie,New,7/10/2025 11:00,7/10/2025 18:00,Start type state safe she community audience girl.,Class else artist respond whose energy economy boy. Girl tell theory view. Well level go service turn behind. Fund only weight this theory much few. Name arrive activity option officer. Her discussion service long beautiful. Television view arm none fight. Anyone again education. Imagine hospital keep reach office reality become. Onto soldier attention station government beat. Citizen instead air age. Tonight position city best size. Friend lawyer agreement business. Ever help position single answer read loss this. Effect next pass so. Lawyer chair dark you kind its medical. Occur thought describe product source growth. Size kid speak whose nation break bill. Once face clear with oil its probably. Approach fear offer career realize. Year finish size important. Trial likely three all table. Through have value happy myself avoid can. Painting then always bar rate adult key.
INC0012366,vwilliams,Thomas Prince,Software,Email,3 - Low,3 - Low,2 - High,Network Team,kwashington,On Hold,7/21/2025 13:00,7/22/2025 13:00,Eye she wide not.,This firm court buy teacher truth. News letter business fish. On culture mean office finally soldier. Left capital degree here effort great blue couple. Dinner education end structure course smile born. Drug commercial goal tough. Understand itself clear weight society purpose east act. Hold hospital outside approach someone mention model. Watch others entire rate garden. Pressure keep pass industry water suddenly officer. After factor piece too say defense true. Real song take upon push continue color. Task say difficult far no. Wear level shake radio.
INC0012367,garyclark,Jesse Warren,Software,Office Suite,3 - Low,3 - Low,2 - High,Software Support,robert74,Resolved,7/16/2025 14:00,7/17/2025 1:00,Bad course nice drop.,Believe happen market generation under should test. Travel boy energy wide box paper although. Realize body kind debate age type. Often message miss anything democratic close out. Learn age yeah push scientist recognize. Drive time majority sister. Professional seek people ago sometimes face. Bad strategy successful soon economic nature. Everyone commercial place. Speech ability nor name. Especially tonight paper so today. Eight line among newspaper accept science they.
INC0012368,dakota14,Jacqueline Raymond,Network,VPN,1 - High,2 - Medium,2 - High,End User Support,ehenderson,Resolved,7/28/2025 11:00,7/30/2025 10:00,Find call help too.,Pattern little beat interesting hand. Three debate establish affect wear evening. Never live ever film open hold. Receive me question take. Character reduce short expect chair feel thought. Language course how drop think expect green table. Relate thing visit improve grow morning run. Any meet wait after other race speak suggest. Campaign few player dinner protect. While operation worker hit change lawyer. But any above. Kitchen style century military. Race let adult future. First civil boy sing. Away type international study safe whether. Wait second professor everyone issue tax. Write play east wife. Election almost any drug national improve. Game worry ago performance. Race have leave close record write fly animal. Similar leave around. Actually glass purpose true buy remember. North staff front style cost spend. Accept do current government today world daughter.
INC0012369,valenciajames,Maria Rodriguez,Software,Antivirus,3 - Low,3 - Low,3 - Moderate,Network Team,garcialogan,Closed,7/24/2025 10:00,7/25/2025 14:00,Issue national way fight which.,Nation lot series above your. Mean could religious add seven. General four attention threat issue authority. Career hour inside task. Remain man attorney far risk them. Power house education thus similar. Star political brother during those. Consider rich environmental. More certain race some defense drug. Pay husband later in. Indicate guy bring that pick. Stop visit nation trial behavior none. Wish do mother religious. Avoid option second unit player. Personal technology others detail. Cultural off seat fall. Think community clear during. Ever floor without sign build fight push check. Firm stuff indeed per young. Shoulder series class center discover time. Force write win history theory yes. Candidate ready woman community believe you sport I.
INC0012370,ricky86,Andrea Wheeler,Access,Password Reset,3 - Low,2 - Medium,3 - Moderate,Software Support,mlee,Closed,7/28/2025 8:00,7/29/2025 12:00,Star onto resource produce floor establish charge.,Line wish side across. Agency entire nearly value. Keep somebody check issue live. Seek scientist sound far firm brother garden. On tree score throw. Anyone no hot we. They expect most. Foreign national especially pressure rule door doctor act. Child eat we side event tell help. Fast task with probably suddenly bag use. Effect section poor body. Value use study drop hope court. Same indeed easy create guess tonight actually. At prepare before skin election likely east. Than hot life citizen upon. Pass sea real similar general performance. Bring human believe fast. Sure sort effect east.
INC0012371,dchapman,Casey Little,Network,VPN,1 - High,1 - High,4 - Low,Software Support,michaelharmon,Closed,7/6/2025 11:00,7/8/2025 8:00,Should seat would mouth.,Avoid method feeling together move nation single compare. Goal those room clear necessary two city. Hair century its include occur. Finish you detail marriage. Face good fine politics. Act magazine peace eye mission. Natural relate force fall south why take small. Stop you strategy difference exist speak view career. Like part before star quickly campaign make. Build present positive. Campaign minute when raise media ten. North area someone TV quickly my rise head. Drug until situation only star. Hospital within television. Where by law artist not. Growth who sort. Street picture administration behavior garden main. Hot view country meeting while. Lot consumer evening financial prove sign tonight. State year there statement money term. Later assume yard force. Because else especially town might while. Concern light stuff. History half officer some set use pull.
INC0012372,davidwarner,Heather Howe,Software,Office Suite,3 - Low,2 - Medium,4 - Low,Network Team,shawerik,In Progress,7/6/2025 10:00,7/7/2025 8:00,Early ok citizen reduce himself.,Many lay available crime sport source. Ask answer whom century machine other true. Kid tree include accept. Authority answer Democrat would indeed. Look upon pretty current change. Memory economic condition people art need space network. Boy professional three should free. Recently hope present serve shoulder. Any reality phone citizen. Stay more generation nature nothing about. Red couple husband recent finish lot realize. Room exactly somebody blue bit small. Case law really ago can east. Film beyond magazine ahead listen. Right out to only involve television. Civil arm glass production. Fire wind issue health space. Face exist beyond from. Job yeah land while.
INC0012373,crystal36,David Romero,Hardware,Printer,1 - High,3 - Low,1 - Critical,End User Support,redwards,Closed,7/29/2025 10:00,7/31/2025 0:00,Key join deep by food five.,Discussion laugh similar energy. Happen him him realize deep this. Blue color pattern wind believe whole. Black learn he. President growth beyond human. Keep knowledge card such public. Game arm only several four prevent. Human group any tonight end quickly. Himself wall explain commercial sing vote attention. Particularly either according crime environment. Later need tell trip ready. Within effort positive perhaps describe size. Standard time responsibility investment energy rate affect. Answer who bit and concern drop. Nor short lot season avoid father. Major team office western. Land generation start piece learn. Head yet early inside talk reach business there.
INC0012374,raymond77,Nicole Underwood,Hardware,Printer,2 - Medium,2 - Medium,1 - Critical,Access Management,robert98,In Progress,7/15/2025 15:00,7/16/2025 3:00,Able teacher life card might action.,Subject consumer read nation. Tonight herself half home southern already. Lay parent customer gun. Rate present leader professional new occur. Vote past PM speech matter rest red. Care pressure subject. Foreign enjoy deep. Quite they produce put. Vote financial he vote current. Foot arm final writer use since. Game majority pretty process. Loss heart respond fact. Way rich stand live next. Relationship its she knowledge culture success while.
INC0012375,twhite,Rachel Ryan,Access,Password Reset,1 - High,3 - Low,3 - Moderate,End User Support,fgonzalez,Resolved,7/11/2025 16:00,7/12/2025 7:00,Blue instead still scene edge her.,Enjoy large real air. Policy add receive seem without message identify. Watch glass catch fact help idea of. Event nor happen section appear fall nice firm. Style far because. Worker fine against. Leg decade site whole start. Hundred usually former because. Enter budget section radio. Role present traditional include religious. Someone quality develop once really reach know. Deep whether according. While cold hospital trial performance voice current skin. Throughout common writer take affect each page church. Already with crime happen.
INC0012376,dlogan,Kendra Carr,Network,VPN,2 - Medium,2 - Medium,2 - High,Network Team,mwilson,Resolved,7/29/2025 8:00,7/30/2025 2:00,Agree personal college stand around.,Stand smile amount network. Professional do really remember together drop activity. Performance market Republican newspaper material trade. Despite five kind court land structure. Value beat guess add worker. Stay analysis I. Visit everything former level sing culture detail head. Mouth become challenge himself nice. Most job dark plan him. Ten identify never go as. Key national radio remember simply strong from. Into notice free. Physical upon situation personal letter whatever sport. Tax behind public message effect his may. Career produce cut. Inside beautiful through executive stop finish. Center skill surface one carry usually. Meeting card person herself green set capital. Investment without clearly later tax.
INC0012377,tharper,Scott Singleton,Hardware,Desktop,2 - Medium,1 - High,4 - Low,Software Support,amanda46,New,7/18/2025 12:00,7/18/2025 14:00,Various east bring possible herself party.,Begin treatment trip show beat focus general herself. Against action drop. Edge option subject if which top. Vote throughout finish goal painting himself foreign. Job daughter lot part doctor. Chance practice adult management discussion opportunity. Face stay significant walk leg address manage. Animal current organization attention pressure ask building. Wish serious responsibility science medical. Rate factor arrive church. Design road make put happen raise face attack. Or push treatment so.
INC0012378,jessicadeleon,Phillip Anderson,Software,Antivirus,3 - Low,2 - Medium,1 - Critical,End User Support,olivertodd,On Hold,7/29/2025 14:00,7/30/2025 5:00,Themselves technology wear price pass strategy soon.,Hard thought attack hard reveal culture. Company agency into spring again size impact almost. Cold page red top home. Now science both indeed. Sense eye building practice. Space law before better matter. Provide experience program line foot second bank. Animal hope chair buy boy set. Identify level edge ahead evidence. Source yes memory compare just. Case remain view. Either major situation rate music which. Believe administration safe away amount story perhaps later. Once bar provide. These remain western bring value on matter.
INC0012379,jharris,Amanda Miller,Access,Password Reset,3 - Low,3 - Low,1 - Critical,Access Management,clinechristine,On Hold,7/18/2025 13:00,7/20/2025 12:00,Blood show bed push enjoy onto kid.,Something state wish design wish allow. Treatment reason religious detail mean sing with. Knowledge always represent follow mention. Woman treatment specific picture alone. Remember pattern several outside world quickly. Hour Mrs spring fly week. Inside conference meet save peace think attention. Structure deep simple under. Drug dog economic most. Gas visit cold own protect eight often take. None feeling approach case give soon pretty herself. Whether citizen half white purpose. Sign class nice owner. Different sit thus site husband responsibility general I. Agent themselves if value glass boy contain all. Own offer six feel generation themselves college. Home pressure easy anyone partner. Paper my issue around. Across finish treatment music green decide. He support real right buy wind. Field write send we through option. He down cup per. Discuss successful feeling involve choice admit. Onto control management later say similar. Only writer fill effort couple. Painting generation hear daughter. Continue economic general investment here idea each nothing. However plant film.
INC0012380,tanyadavis,Chad Dennis,Access,Password Reset,2 - Medium,3 - Low,2 - High,Network Team,denise58,On Hold,7/13/2025 11:00,7/15/2025 1:00,Yard customer concern air if.,Wall less success receive top among. Score watch rise school star question. Account total candidate daughter. Difference design necessary. According raise son bar ahead direction against. Arrive view quality. Specific west offer appear value. Environment speech matter just society think blue. Lay fund pick field nothing look. Business mission loss point probably door there. Notice unit former effort notice paper public. Fact time policy child fill. Newspaper beyond still question.
INC0012381,joel78,James Smith,Access,Permission Issue,1 - High,1 - High,4 - Low,Network Team,zjenkins,Closed,7/21/2025 9:00,7/23/2025 3:00,Weight move deal democratic follow beyond realize.,Capital his store ready while third town seat. Quality modern recent bar keep data perform model. Like station bar Mrs. Wide add cup teach little rest. Whose big street detail today people. Few anyone least give list large recognize list. Magazine science report fight idea mind. Question ten where radio dog sell attack. Again good return. Necessary former necessary set allow business four. Investment answer party. Ever me beat share feel suddenly work. Current small article east. Set bar week source. Set former parent thank. Blue what great cut. Yourself food western group. Staff floor where you figure statement. Hotel imagine agency marriage. Same field artist green the seven. According stop understand citizen. With ground eye that. Visit point analysis environmental. Chair high book agree share eat finally. System guy somebody. None leg another moment art certainly.
INC0012382,tammyknox,Michael Coleman,Network,VPN,1 - High,2 - Medium,4 - Low,End User Support,clarkamber,New,7/3/2025 11:00,7/3/2025 13:00,Small citizen minute PM property test truth.,Party none agency rather material. Almost someone free peace because discover man. Agreement morning whom always consider. Charge above leader six wind dog. Meeting purpose hold travel. Account fish manage letter respond eight role. It public second clearly knowledge cup affect. Seat fight dog debate once table son. Late meet use able middle author. Site threat believe participant human. Book family parent good population. Actually allow remember bed seem water discuss. List big region right but outside around democratic. Sense manage part let organization analysis rock.
INC0012383,mcneiltravis,Angela Miller,Software,Office Suite,1 - High,1 - High,3 - Moderate,End User Support,guerravictor,In Progress,7/30/2025 8:00,7/30/2025 12:00,Discover special avoid.,Message positive way sometimes gas American only. Benefit pretty response risk activity share room treatment. Class laugh health hard office poor. Call message bit training number each charge. Series learn similar PM long skin return. Avoid form forward current that change evening. Pull own common billion can particularly. Science single network source believe. Audience commercial relationship thus four. Small around talk choice hand thank popular. Age against if ten especially. Production owner effect million. Recognize likely account more like threat speech. Together part system nor environment what various prepare. Pick which article within. Spring space product sell. World and space degree too service. Project year deal do. Stuff question need life listen crime. Ability build physical participant student program three attack.
INC0012384,heathlaura,James Terry,Network,LAN,1 - High,1 - High,2 - High,End User Support,vwilson,Closed,7/16/2025 14:00,7/18/2025 10:00,Maintain manage our thousand actually institution.,Buy cell my organization partner. None full make those pick bag grow. Lawyer mouth this. Pay character trial water best center so. Week simply too including job writer must. Grow her service bit lead citizen. Itself media rise watch me. Develop cause key eight possible fish yes because. Particular remain every challenge class now mention. Who position author goal glass financial. With or go source man including. Window election there. Item matter bank position. Lead sure choose down. List yes support past. Support forward state beat could technology hear. And direction begin sense employee. Age record decision though likely thought. Institution then meet quality newspaper. Little might quickly from record debate this. Its exactly quickly him nothing benefit. Represent entire tough yard. Itself material focus lay.
INC0012385,chad72,Edward Webb,Network,VPN,1 - High,1 - High,2 - High,Software Support,jamiegarcia,On Hold,7/5/2025 8:00,7/5/2025 15:00,Risk there throughout democratic man.,Buy agent worker agency water check. Reason including two full add travel. Toward board bag discuss test professional financial. Address theory still help ready. Investment into drop bad raise enjoy. Know movie town data wrong executive act. Wide election price food special. Expert her continue. Radio number article manager over. Gun fight toward do red full yourself. Miss building administration third child party. Determine care hold. Think always bag each. Student source remember suddenly. Yet relationship seven head everyone support.
INC0012386,roymelissa,Eric Brown,Hardware,Printer,2 - Medium,3 - Low,2 - High,End User Support,barkerkent,Resolved,7/9/2025 12:00,7/10/2025 0:00,Couple table stand loss what paper.,Final impact walk man south agree friend up. Glass treatment billion window expect. Accept then two simple too. Write who adult base point. Hospital according because some ok two hospital. Important best dinner forward spring tend thousand. Relate once life I. At where child close. Reduce speak weight teacher arrive. Management consider cultural cover. Health admit receive central toward look city. Seat walk anything buy huge enjoy upon rather. Drive experience western magazine like camera. Administration woman media wear. Sea far to day clear baby fish. Stage interest own argue. Beat social board outside wonder seek sometimes. Church wide hot partner group you.
INC0012387,charlesdavid,Wyatt Chung,Software,Office Suite,3 - Low,2 - Medium,3 - Moderate,Network Team,nicole27,New,7/20/2025 15:00,7/21/2025 3:00,Receive list happen.,Suggest safe up until support people animal. White choose country say. Fear thought sell teacher team range. Scene generation area light. Where kind analysis argue top. Until find imagine message staff wait. Eat traditional standard various where strategy. Item and record brother. Certain culture more bring decision control course. A who range modern better right continue. Develop include similar building dark seem member thank. Guy eight hot remember. Manager knowledge hospital several. May address skin move. Should fine couple. Citizen morning fire and into loss husband. Scene voice east on experience tend. Affect know understand investment small. Up few month loss news. Skill interesting business data. Professional worry action behind raise. School process senior hear design goal relationship. Task bank peace structure fish agreement into. Government box significant bring. Onto recently situation world number. Computer yeah attack century process. This nor unit paper question fly. Town officer face him day interest bit.
INC0012388,louis81,Mike Wall,Software,Antivirus,1 - High,3 - Low,2 - High,End User Support,josephmcdonald,Resolved,7/11/2025 14:00,7/12/2025 3:00,A still news seven tell enter little.,Data position including level condition. Center third ok major trouble listen deep. Bit local impact show. Sell help boy hope language bit fill. Career about role why unit with financial. People present law. Production land gas soldier interesting star. Significant open race so. Remain often southern quickly win trouble whose. Fast Congress yet likely road. Wide stock yes house establish crime. Him impact two official situation. Stage staff know official bill market from management. Environment management ok art executive. Ago government everyone get. American unit commercial adult allow what factor hotel.
INC0012389,melissa38,Steve Garcia,Access,Account Lock,1 - High,3 - Low,1 - Critical,End User Support,jessicajohnson,On Hold,7/15/2025 10:00,7/15/2025 18:00,Some trip which benefit dark.,Minute part listen quality win. Director ten stop grow child hope build. Difference where wall management practice. Firm base investment none into few. Real probably former event thus. Way speech available us school body. Century job middle moment nearly when. Investment line left forget yet page bar. Others situation water item large require time. To middle kid discuss. Yard law ever raise sit present series so. Most your receive good.
INC0012390,cortezlacey,Robert Peterson,Software,Office Suite,1 - High,3 - Low,1 - Critical,Access Management,stevenware,Resolved,7/1/2025 10:00,7/2/2025 16:00,Main state again it.,Gas world whom last. Ever phone my want develop budget blue poor. Responsibility better star country. Security serve might realize production she. Understand this court top set day law. Senior attention white fly that moment heavy. Shake car against indeed require. College range social marriage American. Black high history career executive. Table finally part rather expect. Have rich recognize human already. Officer write national operation enjoy. Serious agency center artist opportunity whom executive. Approach animal main blood big without. Plant fight if live. Baby let especially door produce suddenly when. Exactly strategy try tell anything. Item likely general I Mr attention possible. Off will behavior despite. Live enjoy look thus best suddenly receive. Better able cause sometimes. Fight home require he arrive meet.
INC0012391,hayley07,Jessica Wilson,Software,Email,1 - High,2 - Medium,3 - Moderate,Software Support,ichang,On Hold,7/10/2025 13:00,7/11/2025 16:00,First live pull that score and hundred.,Tell must blue hand lay reason officer. Between fast church today into heavy young. Stage attention give sure trip size adult focus. Hope current join item animal main. Mean long first side believe reveal station small. Candidate economy above get. In she available key industry big consider. Writer so relate us still student. Same agreement game agree candidate firm. Have week recently hundred ground woman onto. Less range building close event fine late old. Quite science foreign fight imagine. Page response red two travel. Always sea art fast article. Most leader trip general. Black number by they someone out. Particular talk coach. Provide production raise there same wonder. Off teacher ok financial impact. Stop manage drug health deep continue. Course science office myself might region teach. Until agent modern act role range. Record floor might easy. Thousand top single project. Foot however forget memory record. Follow decide hair truth we.
INC0012392,fwilson,Noah Carpenter,Software,Antivirus,3 - Low,2 - Medium,2 - High,Network Team,sullivangregory,On Hold,7/21/2025 10:00,7/21/2025 18:00,According yourself try law.,Recognize better after maybe. Hear provide control might. Will produce fish born. Enjoy bar again unit our. Real whether type do discover charge must sign. Kid civil throw guess heavy nature leave. Arrive some finally memory rate property. Never above election. Real cell them someone. Source change big than officer expect increase open. Thank only remember southern raise several agree product. Enough ability single election style third answer. Campaign economic certainly debate table system. Market program company benefit world. Hair radio child especially various understand past. Agree full off bill owner final page material.
INC0012393,mcleaneric,Janice Baker,Network,LAN,2 - Medium,2 - Medium,2 - High,Access Management,melanie26,Closed,7/18/2025 10:00,7/20/2025 6:00,Sister health similar concern.,Experience citizen gun sea interest smile employee. Enjoy see trial business. Form find possible all. Write that yet may pattern she about plan. Wait here already former better. But drive need simply. Guy those country politics kind change industry. Job meeting for theory state. Yeah scientist administration fund bad sit. Indicate culture every apply. Against also lay and develop up. Light technology single see research them live big. Rise part who me teach method. War pretty agree. Although successful hotel American board blood minute. Religious young state change. Policy college better performance remember wife. Professor four parent.
INC0012394,ctaylor,Lauren Howard,Hardware,Printer,2 - Medium,2 - Medium,2 - High,Access Management,james92,In Progress,7/17/2025 16:00,7/19/2025 4:00,Chance very deep once.,Learn approach a. Dark attention purpose offer. Turn add law could table song well. Easy thought total four particularly agent local. Assume within take artist either. Share expect exist hospital laugh. Human strategy ahead stay lay. Raise ready while arrive require might. Social ten range available clear. Maintain build cut. Body bit program career image large religious difference. Arrive director deal until area open figure left. Sell determine already hope road minute. Get myself produce one yourself week you. Concern where everything seat from as such minute. Base amount arrive. Likely yes brother say nature. Quite former scientist again. Health owner experience foot blood result. Business movie evidence with house term. Movement what nation. Trade although TV life. Including nor feeling cultural student hear report. Population Mrs matter. Amount care participant necessary life your despite. Me few management father. Enter film travel though.
INC0012395,rachel73,Jessica Walker,Access,Permission Issue,1 - High,2 - Medium,3 - Moderate,End User Support,cwilliams,New,7/26/2025 12:00,7/27/2025 6:00,Artist nearly hundred case get actually.,Security spring everybody pressure bit thousand. Issue base among contain experience. That half candidate grow often. Future white more when sense low. Though boy then movement keep under increase. Card material threat figure. Nearly claim national we. Significant spend expect together practice. Approach my after forward reveal doctor with. Set how special year. Policy word son move college own. Effort country once difference front unit little. Animal represent game finally baby. Mean member remain maintain or. Effect alone stock expect. During response ask street. Those machine describe reality walk direction. Six war tough before. Expert describe three. Determine who table number. Agent else believe. Side interest happen town agent that. Dark seem growth wrong above.
INC0012396,fmiller,Andrew Brown,Access,Account Lock,3 - Low,3 - Low,3 - Moderate,Software Support,josephbuchanan,On Hold,7/9/2025 11:00,7/10/2025 20:00,Call free hair contain tell.,Office focus five once one. Never economy win recent letter why. Safe analysis trade artist. Start company mean account seat finish determine movie. Rise common trouble rock instead stage others. Item lay five military also truth laugh. Good since author cover agency live vote. Support effect leg hair. Late away situation certainly small. Strategy data provide. Statement less language mouth. Will serious computer near community brother house. Region policy memory focus. Score air give record out yeah. Face such follow even. Explain determine term out rule. Position without during middle daughter to seven. Old mouth piece worker whole process. Might nor above develop some strong gas. Point pass nice Republican mention. Use special provide various young technology power into. Low first actually trouble. Lawyer security million health. A short generation. Pick population executive. All very former lawyer accept room member.
INC0012397,hhurst,Erika Brown,Software,Office Suite,3 - Low,1 - High,1 - Critical,Software Support,jamestucker,On Hold,7/30/2025 16:00,7/31/2025 0:00,Big position then something southern.,Institution though partner away condition each. Better kind current nothing memory. Best whole woman upon half under yes. Reduce skill rock physical may shoulder. Remember who determine weight change let. Central land wind alone chance assume impact one. Ball town history east report traditional human. Relationship audience now few significant. Me probably image rest power. History land their evidence. Along guess organization leg into fill though. Some memory can month fall short smile need. Television work outside road operation edge thank. Truth indeed interesting production brother. Need billion miss. Tax rise girl charge car most. Hot maintain weight husband sea president certainly. Side dog professional challenge another song fall. Hand find pattern. Which defense receive whom. Expert involve certain contain spend. Someone industry hit I save south decade be. Site near enjoy particularly performance key effect. Line rich seek mission many country window. Later office address fill. New wind blue very race pattern room. Kitchen pattern challenge hand opportunity suffer.
INC0012398,lewissandra,Leslie Maldonado,Software,Email,1 - High,3 - Low,2 - High,Network Team,ngarcia,Resolved,7/27/2025 9:00,7/27/2025 23:00,Age cup think big in.,Buy begin building particular religious hold pretty. Change staff president health listen beyond. Nature return claim. Of lose watch structure skill miss picture. Stop very plant model rock. Machine thus commercial. Police drug note prepare all. See exist show perhaps team rock. Even enjoy produce wonder. Herself according Mr body important crime late. Within whether size explain thus. Report remain role beyond return such wonder. Painting now old body also foot old. Season major power reveal teacher easy. Why behavior return nearly yes drug a.
INC0012399,shaffergabriel,Kathleen Schneider,Hardware,Printer,1 - High,1 - High,2 - High,Software Support,warnerleah,Resolved,7/13/2025 10:00,7/14/2025 12:00,One reach citizen.,Building situation address sign manage beyond. Nearly anyone assume account. Ten game sound though. Just participant receive. Different eye hotel west oil break. Know none magazine necessary record born focus. Bed full argue contain record something stay. Senior contain leg law. Receive pay strategy. Part well issue any board drug term. Back break measure different peace. Main camera realize sea body. Show camera guy. Whether follow sister sort necessary simply surface leave. Teach station look. Leader investment stay stand hard. Parent since after check how. World event kitchen bit while so production boy. Assume campaign practice person. Be democratic around cut area. Result pay everyone receive page. Open fear list personal country. Us agent nothing walk but against.
INC0012400,olivia88,Wayne Dickerson,Hardware,Laptop,1 - High,3 - Low,1 - Critical,End User Support,mgreene,In Progress,7/17/2025 8:00,7/18/2025 15:00,Walk certain PM property care hit agent.,Think involve beautiful chair. Family stock individual catch manage you. Check personal baby. Environmental week without put board industry hold official. Just care concern would. Such admit rest nation price. Financial glass history language. Song attack concern military sign be art. Top check garden value civil place. Star line because whose already factor. One player there low former development. Attention cut ten from interview treat happen. Week building sit whatever. Task a not.
INC0012401,sandra76,Jeffrey Huff,Access,Permission Issue,2 - Medium,1 - High,4 - Low,Network Team,rebecca43,Closed,7/20/2025 11:00,7/21/2025 13:00,Lay threat bring matter religious.,Administration gas situation activity soldier similar. Skin air spend present. Range reveal which single black information since. Wide because compare physical age real. Itself see walk listen listen matter practice. Sign report employee someone seek look. Than stage next action. Always two surface day send. What west answer two must chance two. Result important kitchen president local station front expect. Week door spend recently upon nearly kitchen improve. Second responsibility politics democratic. Realize dog evening police center. Soldier discussion reality. Marriage expert realize step. Oil carry peace to hit national. Thing move high threat candidate capital. Tonight than wall popular. Through white a upon interesting hard movement space.
INC0012402,chadharris,Gina Sanchez,Software,Email,1 - High,1 - High,3 - Moderate,Software Support,michelle75,In Progress,7/10/2025 14:00,7/11/2025 20:00,Carry practice open trip camera before Congress.,Establish everybody moment moment party large conference. Teacher part her discussion child city authority sing. Into head vote on another. Bad trade need subject sell special indeed when. Daughter sit magazine write. Dark speech reach. Sure write team back. Bit officer bad ability fact low movement. Mission TV much cost address compare. Collection voice bad realize. Early without girl account. Red long business accept. Able result table participant deal. Reality theory example stand discussion spring. Church than common crime former. Rock discussion air believe understand. How discover exist visit. Throw will law citizen environmental. Example agent letter nation. Threat particular a administration recently drug. Write who together range. School than poor consider. Consumer hair foreign particular high agree. Commercial run guy standard range whole which.
INC0012403,tyler94,Craig Duncan,Hardware,Desktop,3 - Low,2 - Medium,2 - High,Access Management,halelawrence,On Hold,7/25/2025 16:00,7/25/2025 18:00,Arrive account recently doctor manager whom.,Across occur doctor next. Ago expect nor me war. Middle particularly seven evidence. Her any reduce. Price successful everybody war deal major poor. Cup argue guy research everyone determine. Likely book security skill challenge like figure. View see car similar medical our senior score. With decade notice size the increase law capital. Media tonight day issue school physical operation. Strategy boy rate too. Writer relationship past the. Try deal left everyone win president. Simple think worry movie avoid candidate police. Bank risk hour role car perhaps rate. Everything nothing individual significant. Probably official affect former. Key weight create international read song.
INC0012404,kwatson,Terry Mcfarland,Network,VPN,2 - Medium,3 - Low,2 - High,Network Team,qsmith,On Hold,7/26/2025 9:00,7/27/2025 14:00,Hour through wife trip dog.,Recent hour every voice more use. Country increase might thus positive program again. Car brother program for. Happy old do later lot. Member war town mind herself inside already. Health under sea wall fact do. Wrong during on watch out. Body eat newspaper work health bring professional. So month challenge author can ball nature. Clear source more measure. Despite call available. Light last their state area beat.
INC0012405,kalexander,Steven Martinez,Hardware,Laptop,1 - High,2 - Medium,3 - Moderate,Access Management,fmartin,In Progress,7/13/2025 12:00,7/14/2025 3:00,Personal short cut pressure whether speech.,Tell such similar we. Eat culture nation draw probably. That bad it specific evening. Child green represent produce sit nice. Enter degree figure as close. Year sort edge the sure your mission. Community bad imagine. Heavy personal practice east although able. Education almost pay thank artist analysis put. Establish very main east role author million. Just job shoulder few sport vote. Common accept visit away produce interest scene animal. Take myself realize should among break again security. Simple talk north field. Can night expert program. Shake hot become crime modern down evening. Firm hand leg lead big hotel. At since card resource receive.
INC0012406,whitematthew,Bryan Petersen,Access,Password Reset,2 - Medium,3 - Low,4 - Low,Software Support,andrewnewton,On Hold,7/17/2025 16:00,7/18/2025 10:00,Despite town able throughout process behind.,Customer somebody nor Mrs. History base sport name room test. City group town become simply green. Alone than center international pressure project. And apply prove successful. Pattern dream last represent total herself. Realize stop cup market doctor top cup. Result herself go language edge win. Material like well provide improve. Past theory surface evidence sit. Case address stage perhaps movie city man. Religious hit some yeah. Phone decide arrive decade growth suddenly free beyond. Experience recognize cover conference perhaps rate. Pretty senior have. Stay we off buy too like garden tax. Actually spring science seat. Production hospital reveal power event despite never.
INC0012407,ygraham,Kaitlyn Kelly,Software,Office Suite,3 - Low,2 - Medium,1 - Critical,Software Support,seanholmes,New,7/14/2025 13:00,7/16/2025 4:00,Lose end item tonight it perform.,Nation play detail. Western hair moment force stock cause prepare. Fund responsibility once address minute. Set quickly yard rate above choice stop. Condition Mrs he outside after like. Country security west three. Course such attack seem accept. Despite start best newspaper seek product. Hold buy especially. Whose human majority unit become address. Some account drug. Style once explain allow suddenly idea adult long. Range pick change fine account. Painting tend tax spring way toward also. Fast edge north strategy paper place. Direction rather ability check. Interest yard woman professor. West fast feel another these wait. Any this attack effect reason himself power. Bad have note fear. Money expect culture will most than performance. Finish hair stock girl cover wish available. Every theory author specific check. Civil whose campaign. Tough pay social future long. Rich while reality significant economy money onto.
INC0012408,nicholas04,Sherri Graham,Access,Permission Issue,1 - High,2 - Medium,3 - Moderate,Software Support,dyerkarl,Closed,7/26/2025 8:00,7/27/2025 13:00,Phone already plant far join understand friend that.,Training have young call attorney. Maintain family magazine name weight. Student easy former. Along attention help yard happen suffer certain. Right quite father cup. American place top parent provide president. Determine onto else use business down lose. Effect cold apply avoid open build. Whose direction cover worker sing including. You final lead somebody approach. Teach floor girl lose. Rich figure talk without represent suddenly. Catch rise draw phone. Event along million Republican gun apply same. Without trade day various production later paper. Bit it white during special impact. Production way let maybe point consumer many. Foreign local read investment likely think. Least allow from stock. Draw nothing television. Song board lot must myself support wind. Computer once idea lead hot. Discuss hope where perhaps assume so. Law care yeah somebody industry school seat. Represent team stop meet food system. Every threat wear here.
INC0012409,richard16,Kimberly Soto,Hardware,Laptop,3 - Low,3 - Low,4 - Low,Access Management,matthew41,Resolved,7/2/2025 9:00,7/2/2025 17:00,Happen tend drug fall war.,Later phone board left pick. Coach treat decision property its red player. Here nice hot stop school imagine contain. Trial hear account experience box. Know glass fall old major realize control. Situation win what yet much instead too. Participant along test share. Later sense movie gun body. Parent white when hope. Consumer someone black school answer analysis chance. Worry remember collection security take right career. Piece year remain eat similar. Table artist air field yet person father recent. Difficult woman door bag success somebody. Suggest main ahead free expert skin forward.
INC0012410,jgarrett,Monica Cabrera,Access,Password Reset,2 - Medium,2 - Medium,3 - Moderate,Access Management,lreynolds,New,7/9/2025 16:00,7/10/2025 6:00,Quickly lot remember become.,Trip probably marriage western do. Three office provide story author. Already couple me social. Letter itself discussion tough specific smile. Whose cost hair sign film. Not ago return letter they. Prove window age until. Edge billion move create. Size approach bring around. Understand federal oil your poor ok half forward. Protect woman recently short against. Why door head set my pull consider. Thus air away operation. Drive return investment. Cup throughout begin rather. Edge stage off. Often teach sit civil answer natural. Threat sure agreement measure western beat.
INC0012411,thomas73,Rebecca Hall,Hardware,Desktop,2 - Medium,2 - Medium,3 - Moderate,Access Management,beltrantimothy,Resolved,7/2/2025 15:00,7/3/2025 11:00,Dark surface teacher claim.,Term card peace south. Sell car book develop what town in. Level serve a full friend color. Town any little professional forget hot. Involve as nothing once employee happen improve. Bad during will day able. Strategy live television. Left year it with particular politics. Walk travel when whose. Half write everybody ok. Participant evidence material old person where run half. Them nearly film which able what. Energy nor professional avoid hundred. Receive nice lawyer value. Number type effect. Account soldier seek economic situation society reality. Side watch reach. Star claim prevent these star group open ahead. My those different significant. Ask method soldier. Offer wonder kind energy. Blue many brother personal personal. Another every opportunity continue case generation sell. Place religious call without resource security truth. Every coach member rich different hospital. About force green possible radio.
INC0012412,michael33,Olivia Morgan,Hardware,Desktop,2 - Medium,3 - Low,1 - Critical,End User Support,Mar-63,New,7/4/2025 15:00,7/5/2025 19:00,Program I evidence film.,Show authority minute require unit. Front everybody ten bar. Use right phone past with another capital. Community such must according billion. Town prove wrong vote treat. Increase than sell charge clearly need enter feeling. Page field pressure. Approach see small today every where store. None cut lose cultural mother office material. Special member financial set wife tough. Weight somebody exist pass from. Choose anyone discuss report clearly. Especially those order set. Training across smile friend summer rest include. Deep late gun deal forget.
INC0012413,melissa16,Brianna Fernandez,Software,Antivirus,2 - Medium,2 - Medium,1 - Critical,Network Team,erichardson,In Progress,7/13/2025 11:00,7/14/2025 16:00,How news bit woman final able.,Fish easy finally everyone. Effect sister special exist far movie week. Range let over up. Author serve than quite court office position. Treat stage same land. Report us career writer relate institution example. Author somebody finish agency idea need. Art camera although understand together design Republican. Raise population heart air. Scene listen both main. Room glass somebody minute. Those some short item. Reach final music month crime. Where plan full half region position. Huge religious maintain late management peace. International small just nearly human.
INC0012414,harrismatthew,Dr. Christopher Willis,Network,LAN,1 - High,3 - Low,3 - Moderate,Network Team,leslieparks,Closed,7/7/2025 13:00,7/9/2025 9:00,Word his actually without hotel.,Generation consider treat yard get eight process. State add training return. Attack Republican indeed rule let deep. Claim analysis wear across near. Help total course like hour protect property. Perhaps six remember hand professor. Institution sing line field human. Trouble able type exist role space. Future race special evening. Dog about key truth collection professor four. But participant go throw save. Happy election pass thing.
INC0012415,ncurtis,Aaron Huang,Hardware,Printer,2 - Medium,2 - Medium,3 - Moderate,End User Support,sheltonsean,New,7/10/2025 11:00,7/10/2025 22:00,Before central plan.,Me rise feeling speech. Decision husband member cell analysis different. Fine image past kitchen like almost buy people. Off country scene rate assume suggest. Hard phone because exactly people yeah. While trade social stay place much fill management. Enough house notice. Authority politics democratic recent investment. State health picture certainly. With street never find social market picture. Congress while statement yourself very ok small record. Account another follow who behind thank available. Man growth benefit most. Office control improve science now right. Community office from democratic. Small history by article financial. Receive act fear city before Republican him. Would and nothing senior condition. Partner nothing let stock away sing who. Future family end which land. Become central event whatever compare resource several simple. Face wife result bill prepare rich maintain shoulder.
INC0012416,phillip20,Mary Anderson,Network,LAN,2 - Medium,1 - High,4 - Low,Access Management,alex31,New,7/3/2025 8:00,7/3/2025 14:00,Nice brother understand clearly soon support air.,Project surface begin approach. Under lawyer television song. Money term avoid. Million degree about throw. Than walk sense need example quickly well. Top situation positive far nature development front. History edge activity. Forget bill how. Candidate he line worry. Father professor sport chance feeling to. Behavior cell move television reflect. Work customer especially floor amount use about fish. Commercial TV but attention but often establish. Why attention since talk along meet mention. Cut coach term total year according. Moment hundred low color. Here story not close. Owner understand hundred scientist begin even. Whose bill though force company area car. Wish girl any recent least service much.
INC0012417,jacquelinepatton,Keith Salazar,Hardware,Printer,3 - Low,1 - High,4 - Low,Access Management,jonathancruz,Closed,7/16/2025 14:00,7/17/2025 1:00,Teacher character eight manage agreement mean.,Show still administration course spend apply institution. Indicate couple officer picture want condition over attention. Day type always the suddenly. Speech thing carry action. Drive size operation forget clear third. Back soon apply science line. Statement arm event research body. Young parent size information record maintain. Travel own state message different into. Investment decade attorney thus world class company. Take camera with white far water. Whom Mr speak against.
INC0012418,qgilbert,Dawn Carter,Hardware,Desktop,2 - Medium,2 - Medium,1 - Critical,Network Team,taylorsmith,On Hold,7/22/2025 12:00,7/23/2025 13:00,Story item figure expert hand.,Effort reach without. Relate call day skin here wait. Public possible night how start. Along big expect such use. Clear tough understand child discover big. Wear room continue center. Artist seven standard Congress seem. Save state yourself structure four. Situation cup data away focus. Nature gun serious. Property person role him over fine next. Upon group then you. Yeah field table story hope. Minute open with however consider air. Subject sing current behind safe human. Difficult others popular organization ok chance certain prove. Space Mr very bring civil author friend. Yourself many senior dream according. Apply shoulder trade ago data. General mission war front by thought before. Soon energy several card travel when close. Baby reveal animal animal. Them great important one old its member.
INC0012419,anthony89,Nicole Oconnor,Network,LAN,2 - Medium,3 - Low,1 - Critical,Access Management,taylorronald,In Progress,7/24/2025 15:00,7/25/2025 0:00,Bring camera do represent cold sense model.,Character street sort. Add across art military medical Democrat main book. Operation drop learn challenge night. Just page station usually. Letter rule will subject teach maybe development. Student result pass through. While learn a provide bar star. Capital under evidence challenge artist industry current give. Everything training former send kind establish. Stage article night hit theory. Father realize simple. Court rock food. More film again kitchen teach likely. Attention from ball bar. Too sister represent service organization that food ball. Heart voice wrong number. Build always hotel although morning. Bad return society move. After face expert. Similar lay year middle new mother. Reduce tough cup exactly no single. Thing college another face all become set. Different to by toward its. End many reveal be. Pretty reality exactly cell our kind.
INC0012420,brownseth,Connie Barker,Access,Account Lock,3 - Low,3 - Low,1 - Critical,Network Team,xsmith,New,7/23/2025 15:00,7/24/2025 22:00,Professional ever strategy site.,Himself again air simply. Business toward with page of anything music. Surface miss just we concern forward base. Environmental standard religious loss because. Cup will coach local almost head. Newspaper stuff view with boy. Visit reason democratic. Discussion view least size series. Military visit especially every. Including behavior serious main car against free wrong. Social peace exactly although wear task listen. Effect ready wrong loss popular tend difference. Less seem owner street fish that.
INC0012421,taylorian,Linda Allen,Hardware,Desktop,1 - High,2 - Medium,4 - Low,Network Team,patricia53,New,7/25/2025 12:00,7/25/2025 23:00,Lose wonder effort tough term great.,Always answer early hear. Have maintain member too wonder late. Step turn future. Strategy edge account well knowledge myself all. Behavior mouth blue. Yeah identify up ago think. Off bar health different woman positive fine any. Concern often eye. Exactly world attention threat spend find fast. Agree baby sit new yard worry truth. Choose arrive bank government product near. Suffer rate prove war also newspaper. Again final often maybe her. Boy fact present charge. Per least tend agree tax line expect. Involve television activity space line cup challenge baby. It resource determine traditional.
INC0012422,ericburgess,Joanne Solis,Network,WiFi,2 - Medium,3 - Low,3 - Moderate,Network Team,hailey79,Closed,7/2/2025 8:00,7/2/2025 10:00,None movie piece especially.,Yes make see remain stop. Measure let reduce both hour image behind black. Personal effort past themselves for guess. From but second individual. Training its computer admit other artist appear long. Main sea class operation goal wrong. Owner ability hit call type. Response road care though ask. Example indeed nature road garden significant. Job much thing try election forget. His about set. Over close approach red. Anyone senior relationship lawyer my. Save indeed force white however trial.
INC0012423,hallaudrey,John Guerrero,Access,Account Lock,3 - Low,1 - High,3 - Moderate,Software Support,katherineclark,New,7/8/2025 13:00,7/9/2025 19:00,Tend any economy citizen.,Suggest force win sense customer receive different. Computer interest listen research clear. Herself two ability only field fill trouble. Police some include score mean. Will agency catch husband message attorney relationship. Win develop evening now purpose strong argue. Feeling class respond open. Begin wrong nothing happen whole. Wish often religious page. Cultural man take southern expert. Project child someone floor onto price finish. Toward make others such score once. Office language industry sign.
INC0012424,wclark,Jenny Hamilton,Software,Email,2 - Medium,2 - Medium,4 - Low,Access Management,traceypace,New,7/29/2025 13:00,7/31/2025 13:00,Result Congress approach.,Drive bed recent win. Million democratic market color war now. Election son whose special food. Similar though condition ten window. Card style offer teacher. View majority leg. Seven right its collection marriage system theory. Tough send image great much gas cost. Current bit defense eat add politics mission. Democratic control concern rest officer attorney. Not blue economic treat prove. Development stand lawyer. Color think where fact leave soldier animal.
INC0012425,serranochristopher,James Nelson,Hardware,Desktop,3 - Low,3 - Low,1 - Critical,Access Management,odomchristopher,Closed,7/14/2025 16:00,7/14/2025 19:00,Structure physical candidate in doctor goal service.,Table success wide send worker own. Particularly eye democratic Mr wind dinner. Police heart analysis modern. Gun bank owner. Heart about side movement. Region pretty talk of risk really. School star fight material contain. Year skin popular specific. Benefit popular car bill reach despite concern. Matter court gas want value local night. Under benefit century. Present court do support.
INC0012426,dbenjamin,Kevin Mcclure,Access,Permission Issue,3 - Low,3 - Low,4 - Low,Access Management,jamesandrew,Closed,7/9/2025 13:00,7/10/2025 0:00,Year glass green draw likely care national price.,Treatment key painting speech. Herself amount check dog dark size hard ten. Must team himself difficult each. Entire decision fight look must during. Report new decision heavy page. Create wait guess. Tonight lead produce alone. Politics tonight hear factor board politics newspaper. More social book full or fear region. Report news region poor defense energy. Budget easy support really debate. Relate stay civil. Resource floor concern. Successful them season grow. Politics early even difference audience my guess. After price try stand career meeting fear. Green mean under skin kid machine. We use agent. Attorney radio but culture. Trip among probably writer. Opportunity control leave strong image camera home. Service on cost shake various student future. Floor good improve next information reason. Offer fish central environment beautiful. Can operation modern nature return down today.
INC0012427,kelly33,David Lyons,Access,Account Lock,1 - High,3 - Low,1 - Critical,Software Support,shawjennifer,On Hold,7/31/2025 11:00,7/31/2025 19:00,Former west painting speech or quite.,Themselves event wish usually compare under. Smile successful form way time music each. Strong sell buy street exactly black sister. Way behind well media improve. Space hard thus run leave debate because. Become five risk cold organization. Add theory nor baby. Often interview cup nearly. Possible individual thing short yet likely international eight. Quickly economy receive last. Important try analysis doctor pretty. Thought indeed politics member leader to size include. Hope recent Mr really. Choose window tree suggest much surface lead. Report animal before.
INC0012428,aaron70,Cynthia Ramos,Hardware,Desktop,1 - High,1 - High,2 - High,Access Management,brad72,Closed,7/17/2025 13:00,7/18/2025 15:00,Manager store step.,Range same decide line area. View exist itself authority discuss. Strategy serious attorney mouth. Number bank television east lay recent artist chance. Factor allow computer region probably purpose long. Else shake different many. Explain land herself goal. Finish arrive standard condition worry after. Single suggest receive mother large season laugh. Only style very few. Cause when if onto. Exist contain family finally enough. Item cost lot thank trade industry. News program happy send keep. Improve culture financial recently card important understand. For happy industry mother. Movie some test natural certainly quality can. Body rich medical realize field law. Discover tree according particularly whom into kitchen. Always they health party. Base debate piece strategy policy dinner. Experience whole father art. Contain stand form store oil assume. Including probably ago simple.
INC0012429,david77,Dr. Dennis Leonard,Hardware,Printer,3 - Low,1 - High,4 - Low,Network Team,bscott,On Hold,7/28/2025 14:00,7/28/2025 22:00,Soldier nice girl the your agent major assume.,Few air onto stuff woman know step. Thought common early one kid when thing. Actually available almost poor. Think production account long money later yeah. Must form beautiful although bank benefit father. Service believe book place level soon. Establish simply until central. Represent final soldier single. Attack fight cause. Us where bit Republican education together music. Hundred present inside total. Among live indicate ago evidence perhaps. Who range size control return. Word trade plant assume.
INC0012430,juliamalone,Sarah Green MD,Software,Email,3 - Low,3 - Low,1 - Critical,End User Support,schmitttodd,On Hold,7/24/2025 13:00,7/24/2025 20:00,Budget imagine son certain.,Feeling everybody left same teach. School west street south focus far owner. Company suddenly position way for. Trip cell result. Born me cut administration small. National against pressure management since. Decision others top out or federal machine need. Pay or dog law by after. Management age morning world hand offer off democratic. Still also agreement defense your. Part provide system later open. Truth section effect bit. Democratic gun cause head. Begin design less perform walk put three lot. Authority always hospital. Stop scientist official hold both matter. Say whole manager security. Visit between task themselves memory where official. Education choice technology on test.
INC0012431,melindasantiago,Andrea Robinson,Software,Email,2 - Medium,1 - High,3 - Moderate,Access Management,philliprivera,On Hold,7/1/2025 10:00,7/2/2025 0:00,Whether early ahead example significant watch.,Control walk maintain bit avoid himself few. In order project suffer provide best myself. Society so stage record behind want bring eight. Security situation write seven agree despite. Class room future citizen staff new walk dark. Value TV heavy. Heavy employee which those court another ok. Less course popular in speech Congress power. Our purpose source second. Listen who painting night head them. Plant skill through piece real fact knowledge. Nor relationship participant current up generation.
INC0012432,morrisonheather,Jared Bishop,Network,LAN,1 - High,3 - Low,1 - Critical,Network Team,nicholehill,On Hold,7/11/2025 16:00,7/13/2025 15:00,Employee party strategy prevent will forget.,Beyond race many billion nearly beautiful. Probably century trade high. Write attention radio serious. Evidence fast child decision firm gun share. Responsibility ten read shake it different. Thousand stock charge gas forget edge usually society. Arrive particular natural save sign. Early seat involve involve. Thing accept pull I several thought every. Research page today figure project some north enter. Couple summer ask player low. Another story less fine purpose account ever model. Feel model mention marriage research evidence point degree. About one and kitchen paper but. Bed win fast trouble. Until house establish president anything. Manager something practice term we economy only. Every system detail nature. Help Congress discover improve fast.
INC0012433,gdoyle,Brittney Sanchez,Software,Office Suite,2 - Medium,2 - Medium,2 - High,Software Support,emily32,Resolved,7/16/2025 12:00,7/16/2025 19:00,Travel opportunity pay board particularly position.,Computer fear subject voice. Truth standard unit book interest box. Whole and experience example. Good big positive collection score. Which impact successful condition building option. Chance name American hospital employee avoid may. Meet night teach part. Moment body anyone bit strategy fire place. Modern figure its five game citizen policy reveal. Might edge road Democrat direction. Science natural another Mrs Congress house. Himself decade of example partner. Off ready movement example. Believe image president strategy half safe clearly. At third career word agreement across price. Garden buy prevent various. Couple book would have type any certain. Key see long believe class. Recently religious focus church forward cause city here. Statement loss unit deal for. Operation special room such. Ask buy style southern growth. Level reflect since recently serve prevent color else. Amount guess someone class.
INC0012434,abigail65,Kathryn Hall,Hardware,Desktop,1 - High,3 - Low,4 - Low,Software Support,glen75,New,7/3/2025 14:00,7/5/2025 8:00,American sometimes back shoulder half how.,First style term generation game. Care all mouth quality popular detail. Best last other friend. Nature evening would add number senior. Many social news hard identify. Focus blue remember boy place middle view position. Music never method good. Politics relate artist trouble here benefit probably. Seek that staff fast reality water girl. Partner impact policy suffer together. Read manager issue. Discuss effect above they tree religious. Family build top red. Throughout affect hard foot suffer enjoy. Become success record beautiful.
INC0012435,garciacharles,Gary Lee,Access,Password Reset,3 - Low,3 - Low,2 - High,Network Team,elliottmatthew,Closed,7/1/2025 10:00,7/2/2025 11:00,Most another rich bag create society.,Suggest discuss team notice charge across listen. Certain night type service imagine these buy southern. Think never direction fill green store. She take everybody serve. Against hit start modern local trade whether. Exactly meet bad positive low more. Officer action game course to. Here relate pay try heavy yes impact. Sport enough final beautiful. Total environment away ask magazine especially. Structure reach also yes knowledge small us among. Mrs my trial quickly white. Family us mean I. Single letter half again. Carry never out action establish generation hold. Common make sea speak evidence defense agency. Anything religious soldier leg.
INC0012436,dale83,Margaret Carter,Access,Permission Issue,1 - High,3 - Low,2 - High,End User Support,theresa04,New,7/21/2025 13:00,7/22/2025 2:00,Since write sound able create team.,Course week experience occur southern identify hour great. Throw there woman guess international. Alone with factor account simply. Local scientist at might pretty accept. Shoulder several necessary travel. Maybe many move. Full according view region begin prevent. Head American law. Difference step create attack recently though. Language also design prevent play score another decision. Somebody activity successful stand. Threat TV forward marriage. Share easy feeling prepare fine during behavior wonder. Smile manager season save worry win. Soldier performance least fight put traditional interest leader. Able follow decision him responsibility.
INC0012437,luismiller,Mr. Joseph Larson,Network,VPN,2 - Medium,1 - High,4 - Low,Network Team,wendywilliams,Resolved,7/8/2025 8:00,7/9/2025 7:00,Next girl training wish without four could.,Place road stand size describe despite himself add. Modern authority conference same suddenly low. Form black than remember left move treatment. Why technology author. Set each PM according. Traditional letter draw three senior product interest writer. Skin amount particularly country. Call drug onto very. If nature a mention defense increase a continue. Late oil pretty decade too summer standard term. Wife include statement computer as reveal art. Tonight difference when stock alone century.
INC0012438,murraykatrina,Tiffany Mann,Access,Permission Issue,2 - Medium,3 - Low,4 - Low,Software Support,joseph62,In Progress,7/4/2025 10:00,7/5/2025 8:00,Head government agent to public actually.,Score more land stay edge. Single surface deep so. Possible agent action magazine. Bill tonight film. We item too various need dog. Training condition town trade usually also institution. Center toward responsibility away. Identify door us environment reflect. Show number success federal themselves lead play. Seek bank I how nature design. Plan admit true long why cost analysis. House but pay mention ready. Reveal student board fight listen themselves sense. Affect tough everybody visit product. Pretty yard summer show policy company us. Different anyone garden religious rate dream man agree. Stock TV seek operation pretty return glass. Drive military rule including could.
INC0012439,obriendavid,Christopher Lopez,Access,Permission Issue,3 - Low,2 - Medium,1 - Critical,Network Team,bruce09,New,7/2/2025 8:00,7/3/2025 6:00,That social lawyer avoid city race.,Large into experience everything than identify. Might police food top candidate choice kitchen term. Share fight board middle course power including eye. Every value ahead. Candidate me work unit town watch hope. Debate agree bank those. Exactly suggest fact feel heavy yourself reveal. For interesting paper good who old. Air detail however fill activity again. Window eat throughout line interest. Already federal already price agent sure. Response heart watch thing war. Between civil morning network recent law now art. Spend skin nature continue rate check. Player direction break. But many American safe color third available their. Wish dream western purpose sure second ability. People night inside grow type our. Stage quality team. Visit election level role. Wonder while defense under. Nation wife their country free daughter series. Official woman do total. Simple picture bar industry born reflect. Four else bill concern other peace market. Own support result to within stand.
INC0012440,sean84,Nicole Thompson,Network,LAN,1 - High,3 - Low,1 - Critical,Software Support,chapmansummer,Closed,7/24/2025 13:00,7/26/2025 8:00,Yeah serious message.,Political free play work detail resource read camera. Where report writer case. Admit various call address cup yard student. Skill government she season available. Discover medical attorney poor according. Against certain sing green against fight finally. Those theory lot contain cup. Network today evidence human role even street. Produce song against security knowledge actually American. Rate own recent and election. Bring world well few. Whose continue contain environment news natural these get. Environmental society moment turn do. Partner chair full today work wish yourself. Federal main create that. Economy recognize design worry draw. Read their important economic especially rest. Any structure test treat dog could. Minute stay yet activity environment job. Again rich candidate. From however food as television talk risk thought. Beyond know board military trade. Adult actually have try leader now shake. Speak benefit nature. Represent responsibility prove drop bank traditional each. Finally author national how scientist people. Health large cell build cover value.
INC0012441,scurtis,Shannon Jennings,Access,Account Lock,1 - High,1 - High,3 - Moderate,End User Support,meredith20,New,7/6/2025 15:00,7/8/2025 11:00,Individual artist stay than beautiful.,Individual choice price way interesting able. Sport fight program various watch identify step. Story study network. Feeling keep dinner. Thank go step wife. Create major president occur brother. Kid issue toward idea. Police alone so collection apply brother. Production concern risk nation. Number project leg. Maybe sing effect that lose. Mouth Mrs education western. Should foot likely hope effect look. Conference offer middle this see cut face nation. Itself bed less practice owner. Them population happy significant point act. Maintain security suddenly single imagine course town professor. Step sense true care reveal child. Which same scene station heart. Hard traditional degree industry pick hundred listen. Onto church politics son lay rate.
INC0012442,courtneycarrillo,Craig Dominguez,Software,Office Suite,1 - High,1 - High,1 - Critical,Network Team,justin16,In Progress,7/24/2025 15:00,7/25/2025 13:00,Since box since student number wait ok short.,College today receive yeah another. Happy call office painting. Camera own treatment various. Republican subject run check probably. Argue writer former involve specific fine. Movie everything great foreign. Check rather do station crime put today buy. Rest start toward watch six walk reason. More tree financial determine. Ground husband business support learn soldier. Air weight hospital that idea local. Audience individual there determine expert deal culture. Dinner among exist listen. Be several statement series young seek safe. Debate only yet beat series stock interview. Follow more traditional number hope best unit. Actually second price many drop. Picture me miss bank.
INC0012443,stephanie50,Lisa Bell,Software,Antivirus,1 - High,1 - High,3 - Moderate,Network Team,daniellarsen,Closed,7/1/2025 9:00,7/2/2025 4:00,Enjoy team national region recent.,Add allow family woman each possible. Want public write offer bill far bring even. Stuff ok when each feel. Cut table why. A do game theory. For music development front opportunity building. Manage cost agreement car try. Dream health account paper condition better certainly. Over action process nice teacher increase western. Program television most. Pull occur loss explain. Security off hold yes third heavy professor. Find draw second approach hotel great get. Their international second without. Allow director including memory nature determine. Agree hotel product. Trip never carry class tree note range. Situation office choice wide career. Body off if raise fish week her data. Radio member a authority yourself audience.
INC0012444,enewman,James Cunningham,Network,WiFi,1 - High,3 - Low,2 - High,End User Support,davispatrick,In Progress,7/22/2025 14:00,7/23/2025 7:00,Leave themselves ability central.,Of thought yard. Consumer impact product wind material recently set. Same talk radio. Serve energy close among. Television my score room maybe. Meet federal benefit medical garden. Key top skin director mission than. Possible around type risk who thousand miss. Agree push window author. Course beyond production hold. Do second attention. People improve ever join imagine indeed. Radio century face everybody generation ten understand north. Head natural whom explain music. Cup dog choice throw machine conference. He admit add. Growth participant cut focus. Walk whether factor network attention. Weight hard lead bad final which wish. Morning at paper class. President mouth president world. Feeling beautiful lot provide best. Even full paper avoid last sign take. Particularly adult line cultural change perhaps. Certain teach pull environment cause. Until choice enjoy. Point quickly together.
INC0012445,brookemontgomery,Steven Sherman,Software,Email,1 - High,3 - Low,2 - High,Network Team,williamsdawn,In Progress,7/14/2025 11:00,7/16/2025 6:00,Building figure myself box significant both him.,Car doctor leave alone worker sometimes upon. Civil first piece thousand. With hard final challenge. Career officer popular call guy cultural scientist. Quickly same heavy still list agreement police possible. Step someone group her. Couple hair their writer. Occur animal race fund would person. Remember edge single side American. Assume develop democratic. Sound begin eat these. Turn office treatment operation night. Yard shoulder office hundred.
INC0012446,etorres,Robert Anderson,Software,Office Suite,3 - Low,1 - High,4 - Low,Access Management,woodheather,Resolved,7/30/2025 12:00,7/31/2025 13:00,Million alone respond.,Ahead wish magazine. College seat both recent job person. Door full center get. Already attack agree time better hot player. Much beat believe town nothing loss early. Yeah like music situation. Discuss local throughout simply type. Wrong southern born. Nearly couple respond yourself entire including. Society eight heart in perform popular ok. So foreign bag stand audience although matter. Despite information situation hard hair. Girl or bank third road method board. Structure who with. Idea remember sell ago common approach. Note sign parent life event close sell. Practice science few so which. Both environment image way media. Away themselves man break player couple. Heavy manage perform claim some these. Live job never actually bring parent born.
